id,username,id_usuario_fb,nombre,apellido,id_genero,fecha_nac,fecha_alta,id_localidad,id_provincia,email,id_ocupacion,url_foto_perfil,fecha_ult_sesion,notif_email,notif_push
1,Robinetta,RGX0iTi1lpNSdkoOkDDDNiXYKLF2,Consuelo,Newcomen,3,1997-10-13,2021-05-04,1,1,cnewcomen0@quantcast.com,1,https://firebasestorage.googleapis.com/v0/b/roomate-5fa42.appspot.com/o/photos%2Fcnewcomen0%40quantcast.com%2Fphotoprofile%2Fpexels-elle-hughes-1680172.jpg?alt=media&token=54f6b4ef-ca72-4095-9d96-9278e3fca009,"""2022-10-20T10:50:00Z""",0,0
2,Mill,9i7OWKBhJbXcRO7fIamw0eFGTck1,Johan,Skune,2,1976-07-10,2020-12-01,1,1,jskune1@sogou.com,2,https://firebasestorage.googleapis.com/v0/b/roomate-5fa42.appspot.com/o/photos%2Fjskune1%40sogou.com%2Fphotoprofile%2Fpexels-pixabay-38554.jpg?alt=media&token=f4708427-4a27-4364-b01e-8968fcdfce7a,"""2022-08-20T10:50:00Z""",0,0
3,Irvine,EKfKZR3PpYNIGicVfdt6JkFzEKG2,Doy,Vassman,3,1961-12-08,2021-10-24,1,1,dvassman2@indiatimes.com,3,https://firebasestorage.googleapis.com/v0/b/roomate-5fa42.appspot.com/o/photos%2Fdvassman2%40indiatimes.com%2Fphotoprofile%2Fpexels-pixabay-415829.jpg?alt=media&token=872d339f-66bc-469c-98f3-ff3d5ddb8612,"""2022-10-12T10:50:00Z""",0,0
4,Cesaro,0pIKIrOb8SftFLtrmqxZwlx56nk2,Berte,Barritt,1,1991-11-15,2020-10-21,1,1,bbarritt3@mozilla.org,2,https://firebasestorage.googleapis.com/v0/b/roomate-5fa42.appspot.com/o/photos%2Fbbarritt3%40mozilla.org%2Fphotoprofile%2Fpexels-pixabay-532220.jpg?alt=media&token=4a7814cc-f30f-4440-bdda-3b9af05309ac,"""2022-09-20T10:50:00Z""",0,0
5,Anabelle,enPvWKO4RhQrsBGRyhz9DX8xzHC2,Jacquenette,Wackett,3,1971-06-15,2020-01-14,1,1,jwackett4@cam.ac.uk,3,https://firebasestorage.googleapis.com/v0/b/roomate-5fa42.appspot.com/o/photos%2Fjwackett4%40cam.ac.uk%2Fphotoprofile%2Fpexels-andrea-piacquadio-733872.jpg?alt=media&token=3a6d9d61-24c9-4f18-8794-b5d989bbf8e4,"""2022-10-01T10:50:00Z""",0,0
6,Beth,8wR2vIXGlVeo4FusblVpGZLztu93,Eva,Tollfree,1,1958-11-14,2022-01-08,1,1,etollfree5@vimeo.com,3,https://firebasestorage.googleapis.com/v0/b/roomate-5fa42.appspot.com/o/photos%2Fetollfree5%40vimeo.com%2Fphotoprofile%2Fpexels-mentatdgt-1024311.jpg?alt=media&token=e6e33bc6-e7b6-47e0-bb30-fe9234c70995,"""2022-08-10T10:50:00Z""",0,0
7,Ellene,QB6MBIi4gLMKpAzAXPMEmuGrw0c2,Skipper,Pickerin,1,1988-07-17,2022-07-07,1,1,spickerin6@gizmodo.com,2,https://firebasestorage.googleapis.com/v0/b/roomate-5fa42.appspot.com/o/photos%2Fspickerin6%40gizmodo.com%2Fphotoprofile%2Fpexels-stefan-stefancik-91227.jpg?alt=media&token=e034e686-8918-4b23-81cb-3fd9c4f7a910,"""2022-09-24T10:50:00Z""",0,0
8,Niven,mVE6zTF9JPWSNpKBlPs337dM9b02,Honor,Shavel,1,1990-04-15,2021-08-03,1,1,hshavel7@salon.com,3,https://firebasestorage.googleapis.com/v0/b/roomate-5fa42.appspot.com/o/photos%2Fhshavel7%40salon.com%2Fphotoprofile%2Fpexels-christina-morillo-1181686.jpg?alt=media&token=3f7204d5-5365-48a3-90e3-10d5e52bcbdf,"""2022-10-10T10:50:00Z""",0,0
9,Blakelee,pEFOJBeVScXAuRckJgbrhG6Kwcn2,Gleda,Dennant,2,1969-08-20,2021-04-24,1,1,gdennant8@ihg.com,3,https://firebasestorage.googleapis.com/v0/b/roomate-5fa42.appspot.com/o/photos%2Fgdennant8%40ihg.com%2Fphotoprofile%2Fpexels-italo-melo-2379004.jpg?alt=media&token=a85e4467-933c-4e2a-aaab-835cc58c4fec,"""2022-09-18T10:50:00Z""",0,0
10,Davidde,tFQpaYhhrFc0v8EF2OBsBVpIydV2,Lauralee,Featherstonhalgh,1,1953-06-19,2021-08-18,1,1,lfeatherstonhalgh9@webs.com,1,https://firebasestorage.googleapis.com/v0/b/roomate-5fa42.appspot.com/o/photos%2Flfeatherstonhalgh9%40webs.com%2Fphotoprofile%2Fpexels-sumit-kapoor-718261.jpg?alt=media&token=bf27ed98-7388-4293-a07c-9ba233f8276d,"""2022-10-04T10:50:00Z""",0,0
11,Bethanne,HIrfQcIvfZT3tLo3AJtJ0RGWxeF3,Carie,Ranstead,1,1956-10-19,2020-12-08,1,1,cransteada@gov.uk,2,https://firebasestorage.googleapis.com/v0/b/roomate-5fa42.appspot.com/o/photos%2Fcransteada%40gov.uk%2Fphotoprofile%2Fpexels-vinicius-wiesehofer-1130626.jpg?alt=media&token=dcf433fb-d509-42c5-9d04-53becddac411,"""2022-10-27T10:50:00Z""",0,0
12,Bess,vUgmKI6gD6UpGRnvDxuvEPHOJG32,Sheila-kathryn,Mellows,3,2001-07-12,2022-06-18,1,1,smellowsb@google.co.jp,1,https://firebasestorage.googleapis.com/v0/b/roomate-5fa42.appspot.com/o/photos%2Fsmellowsb%40google.co.jp%2Fphotoprofile%2Fpexels-justin-shaifer-1222271.jpg?alt=media&token=aba53f65-9cc5-42bc-be12-1dcc15a05562,"""2022-10-15T10:50:00Z""",0,0
13,Micky,UNbzAOwlNXWuIsfM014DNFXUJq62,Elfrida,Gouldthorpe,1,2003-02-23,2022-03-12,1,1,egouldthorpec@tinyurl.com,3,https://firebasestorage.googleapis.com/v0/b/roomate-5fa42.appspot.com/o/photos%2Fegouldthorpec%40tinyurl.com%2Fphotoprofile%2Fpexels-tu%E1%BA%A5n-ki%E1%BB%87t-jr-1382731.jpg?alt=media&token=0fe0778b-d957-4d50-a818-e0ad579f1b98,"""2022-10-25T10:50:00Z""",0,0
14,Jessika,0hrA6dR0I7NnyFO4WjawgRcrtng1,Joelie,Shasnan,3,2004-10-26,2022-05-26,1,1,jshasnand@myspace.com,1,https://firebasestorage.googleapis.com/v0/b/roomate-5fa42.appspot.com/o/photos%2Fjshasnand%40myspace.com%2Fphotoprofile%2Fpexels-elle-hughes-1680175.jpg?alt=media&token=7fab074b-81a0-43c2-b20c-18ca4682d763,"""2022-10-18T10:50:00Z""",0,0
15,Harlene,JOaeOpGtghfDrJQhZ1x3kjyYVQC3,Stanton,Devey,1,1990-02-04,2021-12-22,1,1,sdeveye@omniture.com,3,https://firebasestorage.googleapis.com/v0/b/roomate-5fa42.appspot.com/o/photos%2Fsdeveye%40omniture.com%2Fphotoprofile%2Fpexels-jeffrey-reed-769772.jpg?alt=media&token=c0766734-ebdd-4fb0-842c-8e70e2f2de45,"""2022-11-01T10:50:00Z""",0,0
16,Christiana,U9JL3ONv1KSQlma4x5FufLLs55W2,Fraser,Safont,3,1960-12-19,2022-07-21,1,1,fsafontf@webs.com,3,https://firebasestorage.googleapis.com/v0/b/roomate-5fa42.appspot.com/o/photos%2Ffsafontf%40webs.com%2Fphotoprofile%2Fpexels-craig-mckay-842980.jpg?alt=media&token=7637e759-c1f5-4168-9d5c-8c3d1957a009,"""2022-10-30T10:50:00Z""",0,0
17,Nadia,2cg84cKjmcetNCy5Ef5RDArrYHg1,Berny,Daviot,3,1996-09-10,2021-01-11,1,1,bdaviotg@icq.com,1,https://firebasestorage.googleapis.com/v0/b/roomate-5fa42.appspot.com/o/photos%2Fbdaviotg%40icq.com%2Fphotoprofile%2Fpexels-pixabay-235462.jpg?alt=media&token=8ead4c45-d42d-4b32-9100-0c6513a1091f,"""2022-10-28T10:50:00Z""",0,0
18,Vanya,ODffvh3T1qYEMhzJKXQmDwT6Rd42,Estrellita,Matkin,2,1953-07-17,2021-04-26,1,1,ematkinh@globo.com,2,https://firebasestorage.googleapis.com/v0/b/roomate-5fa42.appspot.com/o/photos%2Fematkinh%40globo.com%2Fphotoprofile%2Fpexels-anderson-guerra-1197132.jpg?alt=media&token=732680ac-82fa-4f9c-9614-fb308c03a7a2,"""2022-10-29T10:50:00Z""",0,0
19,Link,JHlmaAZ89MW1LSnCSwHt2XV02LS2,Tonie,Burling,1,1994-07-12,2021-04-10,1,1,tburlingi@usda.gov,2,https://firebasestorage.googleapis.com/v0/b/roomate-5fa42.appspot.com/o/photos%2Ftburlingi%40usda.gov%2Fphotoprofile%2Fpexels-ali-madad-sakhirani-997512.jpg?alt=media&token=5979f960-8762-4427-814f-7a899fdfa5f2,"""2022-10-26T10:50:00Z""",0,0
20,Walliw,mIRR14e8zoUpXmrcMW0j0sngMFe2,Thebault,Fairhall,3,1996-11-04,2022-03-13,1,1,tfairhallj@sciencedirect.com,1,https://firebasestorage.googleapis.com/v0/b/roomate-5fa42.appspot.com/o/photos%2Ftfairhallj%40sciencedirect.com%2Fphotoprofile%2Fpexels-ethan-jones-3222422.jpg?alt=media&token=d8dc0883-c90f-40b7-9c16-f518699e00b3,"""2022-10-07T10:50:00Z""",0,0